,BHK,PRICE,AREA,link,text,deposite,furnished
0,1,6500,300,https://www.makaan.com/pune/builder-project-in-dhanori-13370447/1rk-1t-300-sqft-apartment-for-rent,1 RK Studio Apartment,No Deposit,Semi-Furnished
1,1,10000,650,https://www.makaan.com/pune/builder-project-in-rahatani-13378013/1bhk-1t-650-sqft-apartment-for-rent,1 BHK Apartment,No Deposit,Unfurnished
2,2,21000,1050,https://www.makaan.com/pune/alcon-builders-and-promoters-renaissant-in-kharadi-13383514/2bhk-2t-1050-sqft-apartment-for-rent,2 BHK Apartment,No Deposit,Semi-Furnished
3,2,13000,900,https://www.makaan.com/pune/dreams-corporation-elina-in-hadapsar-13362255/2bhk-1t-900-sqft-apartment-for-rent,2 BHK Apartment,No Deposit,Unfurnished
4,3,25000,1336,https://www.makaan.com/pune/builder-project-in-wakad-13362020/3bhk-3t-1336-sqft-apartment-for-rent,3 BHK Apartment,No Deposit,Semi-Furnished
5,1,7000,600,https://www.makaan.com/pune/builder-project-in-hadapsar-13370659/1bhk-1t-600-sqft-apartment-for-rent,1 BHK Apartment,No Deposit,Semi-Furnished
6,1,15000,550,https://www.makaan.com/pune/builder-project-in-kothrud-13370617/1bhk-1t-550-sqft-apartment-for-rent,1 BHK Apartment,No Deposit,Semi-Furnished
7,2,10000,700,https://www.makaan.com/pune/builder-project-in-anand-nagar-13370472/2bhk-1t-700-sqft-apartment-for-rent,2 BHK Apartment,No Deposit,Semi-Furnished
8,1,9000,550,https://www.makaan.com/pune/builder-project-in-punawale-13366772/1bhk-1t-550-sqft-apartment-for-rent,1 BHK Apartment,No Deposit,Unfurnished
9,1,6500,600,https://www.makaan.com/pune/builder-project-in-lohegaon-13350266/1bhk-1t-600-sqft-independenthouse-for-rent,1 BHK Independent House,No Deposit,Unfurnished
10,1,9000,700,https://www.makaan.com/pune/builder-project-in-wagholi-13354308/1bhk-1t-700-sqft-builderfloor-for-rent,1 BHK Independent Floor,No Deposit,Unfurnished
11,1,9500,540,https://www.makaan.com/pune/builder-project-in-rahatani-13347754/1bhk-1t-540-sqft-independenthouse-for-rent,1 BHK Independent House,No Deposit,Unfurnished
12,2,19000,1400,https://www.makaan.com/pune/builder-project-in-chinchwad-13332830/2bhk-2t-1400-sqft-independenthouse-for-rent,2 BHK Independent House,No Deposit,Semi-Furnished
13,2,16000,1100,https://www.makaan.com/pune/builder-project-in-hadapsar-13331294/2bhk-2t-1100-sqft-independenthouse-for-rent,2 BHK Independent House,No Deposit,Semi-Furnished
14,2,15000,910,https://www.makaan.com/pune/panama-silver-stone-villa-in-handewadi-13331254/2bhk-2t-910-sqft-apartment-for-rent,2 BHK Apartment,No Deposit,Semi-Furnished
15,1,9000,1000,https://www.makaan.com/pune/builder-project-in-wadgaon-sheri-13318013/1bhk-2t-1000-sqft-builderfloor-for-rent,1 BHK Independent Floor,No Deposit,Unfurnished
16,1,4500,350,https://www.makaan.com/pune/swaraj-homes-savli-park-in-dighi-13323864/1rk-1t-350-sqft-apartment-for-rent,1 RK Studio Apartment,No Deposit,Unfurnished
17,1,8500,400,https://www.makaan.com/pune/builder-project-in-old-sangvi-13313589/1rk-1t-400-sqft-apartment-for-rent,1 RK Studio Apartment,No Deposit,Unfurnished
18,1,10000,600,https://www.makaan.com/pune/dreams-corporation-ragini-in-manjari-13316591/1bhk-1t-600-sqft-apartment-for-rent,1 BHK Apartment,No Deposit,Semi-Furnished
19,1,7100,650,https://www.makaan.com/pune/excellaa-kalash-homes-in-pirangut-13316191/1bhk-1t-650-sqft-apartment-for-rent,1 BHK Apartment,No Deposit,Semi-Furnished
20,1,6750,450,https://www.makaan.com/pune/builder-project-in-mundhwa-11795490/1bhk-1t-450-sqft-builderfloor-for-rent,1 BHK Independent Floor,No Deposit,Unfurnished
21,1,6000,580,https://www.makaan.com/pune/reputed-builder-green-wood-in-mundhwa-13424092/1bhk-1t-580-sqft-independenthouse-for-rent,1 BHK Independent House,No Deposit,Unfurnished
22,1,10000,600,https://www.makaan.com/pune/builder-project-in-pimple-gurav-13418787/1bhk-1t-600-sqft-independenthouse-for-rent,1 BHK Independent House,No Deposit,Unfurnished
23,2,19000,1102,https://www.makaan.com/pune/shiv-shakti-developers-haveli-heights-in-wakad-13416443/2bhk-2t-1102-sqft-apartment-for-rent,2 BHK Apartment,No Deposit,Unfurnished
24,1,5000,350,https://www.makaan.com/pune/builder-project-in-kondhwa-budruk-13415314/1rk-1t-350-sqft-apartment-for-rent,1 RK Studio Apartment,No Deposit,Unfurnished
25,1,5000,450,https://www.makaan.com/pune/builder-project-in-katraj-13415303/1bhk-1t-450-sqft-apartment-for-rent,1 BHK Apartment,No Deposit,Unfurnished
26,1,9000,500,https://www.makaan.com/pune/builder-project-in-mundhwa-13428834/1bhk-1t-500-sqft-independenthouse-for-rent,1 BHK Independent House,No Deposit,Unfurnished
27,1,6000,650,https://www.makaan.com/pune/builder-project-in-fursungi-13432836/1bhk-1t-650-sqft-builderfloor-for-rent,1 BHK Independent Floor,No Deposit,Unfurnished
28,2,14000,852,https://www.makaan.com/pune/gk-developers-silverland-residency-phase-iii-in-ravet-13400019/2bhk-2t-852-sqft-apartment-for-rent,2 BHK Apartment,No Deposit,Semi-Furnished
29,1,9500,570,https://www.makaan.com/pune/chintan-builders-kudale-patil-towers-in-vadgaon-budruk-13414378/1bhk-1t-570-sqft-apartment-for-rent,1 BHK Apartment,No Deposit,Unfurnished
30,2,9000,750,https://www.makaan.com/pune/lodha-group-estancia-in-gahunje-13414371/2bhk-2t-750-sqft-apartment-for-rent,2 BHK Apartment,No Deposit,Semi-Furnished
31,1,6000,480,https://www.makaan.com/pune/builder-project-in-fursungi-13414364/1rk-1t-480-sqft-builderfloor-for-rent,1 RK Studio Apartment,No Deposit,Semi-Furnished
32,1,10000,720,https://www.makaan.com/pune/builder-project-in-old-sangvi-13414358/1bhk-1t-720-sqft-apartment-for-rent,1 BHK Apartment,No Deposit,Semi-Furnished
33,2,17000,1100,https://www.makaan.com/pune/megapolis-splendour-smart-homes-3-in-hinjewadi-13402996/2bhk-2t-1100-sqft-apartment-for-rent,2 BHK Apartment,No Deposit,Unfurnished
34,3,22000,1605,https://www.makaan.com/pune/builder-project-in-patil-nager-13414372/3bhk-3t-1605-sqft-apartment-for-rent,3 BHK Apartment,No Deposit,Semi-Furnished
35,1,12000,919,https://www.makaan.com/pune/magnus-realty-manjri-green-annexe-b1-b2-b3-in-manjari-13383535/1bhk-2t-919-sqft-apartment-for-rent,1 BHK Apartment,No Deposit,Furnished
36,1,10000,640,https://www.makaan.com/pune/builder-project-in-wadgaon-sheri-13395189/1bhk-1t-640-sqft-apartment-for-rent,1 BHK Apartment,No Deposit,Unfurnished
37,3,19000,2000,https://www.makaan.com/pune/builder-project-in-wagholi-13388188/3bhk-3t-2000-sqft-apartment-for-rent,3 BHK Apartment,No Deposit,Unfurnished
38,2,15000,1500,https://www.makaan.com/pune/builder-project-in-hinjewadi-13390306/2bhk-1t-1500-sqft-independenthouse-for-rent,2 BHK Independent House,No Deposit,Unfurnished
39,2,20000,824,https://www.makaan.com/pune/builder-project-in-kothrud-13399728/2bhk-2t-824-sqft-apartment-for-rent,2 BHK Apartment,No Deposit,Semi-Furnished
40,1,6750,450,https://www.makaan.com/pune/builder-project-in-mundhwa-11795490/1bhk-1t-450-sqft-builderfloor-for-rent,1 BHK Independent Floor,No Deposit,Unfurnished
41,1,6000,580,https://www.makaan.com/pune/reputed-builder-green-wood-in-mundhwa-13424092/1bhk-1t-580-sqft-independenthouse-for-rent,1 BHK Independent House,No Deposit,Unfurnished
42,1,10000,600,https://www.makaan.com/pune/builder-project-in-pimple-gurav-13418787/1bhk-1t-600-sqft-independenthouse-for-rent,1 BHK Independent House,No Deposit,Unfurnished
43,2,19000,1102,https://www.makaan.com/pune/shiv-shakti-developers-haveli-heights-in-wakad-13416443/2bhk-2t-1102-sqft-apartment-for-rent,2 BHK Apartment,No Deposit,Unfurnished
44,1,5000,350,https://www.makaan.com/pune/builder-project-in-kondhwa-budruk-13415314/1rk-1t-350-sqft-apartment-for-rent,1 RK Studio Apartment,No Deposit,Unfurnished
45,1,5000,450,https://www.makaan.com/pune/builder-project-in-katraj-13415303/1bhk-1t-450-sqft-apartment-for-rent,1 BHK Apartment,No Deposit,Unfurnished
46,1,9000,500,https://www.makaan.com/pune/builder-project-in-mundhwa-13428834/1bhk-1t-500-sqft-independenthouse-for-rent,1 BHK Independent House,No Deposit,Unfurnished
47,1,6000,650,https://www.makaan.com/pune/builder-project-in-fursungi-13432836/1bhk-1t-650-sqft-builderfloor-for-rent,1 BHK Independent Floor,No Deposit,Unfurnished
48,2,14000,852,https://www.makaan.com/pune/gk-developers-silverland-residency-phase-iii-in-ravet-13400019/2bhk-2t-852-sqft-apartment-for-rent,2 BHK Apartment,No Deposit,Semi-Furnished
49,1,9500,570,https://www.makaan.com/pune/chintan-builders-kudale-patil-towers-in-vadgaon-budruk-13414378/1bhk-1t-570-sqft-apartment-for-rent,1 BHK Apartment,No Deposit,Unfurnished
50,2,9000,750,https://www.makaan.com/pune/lodha-group-estancia-in-gahunje-13414371/2bhk-2t-750-sqft-apartment-for-rent,2 BHK Apartment,No Deposit,Semi-Furnished
51,1,6000,480,https://www.makaan.com/pune/builder-project-in-fursungi-13414364/1rk-1t-480-sqft-builderfloor-for-rent,1 RK Studio Apartment,No Deposit,Semi-Furnished
52,1,10000,720,https://www.makaan.com/pune/builder-project-in-old-sangvi-13414358/1bhk-1t-720-sqft-apartment-for-rent,1 BHK Apartment,No Deposit,Semi-Furnished
53,2,17000,1100,https://www.makaan.com/pune/megapolis-splendour-smart-homes-3-in-hinjewadi-13402996/2bhk-2t-1100-sqft-apartment-for-rent,2 BHK Apartment,No Deposit,Unfurnished
54,3,22000,1605,https://www.makaan.com/pune/builder-project-in-patil-nager-13414372/3bhk-3t-1605-sqft-apartment-for-rent,3 BHK Apartment,No Deposit,Semi-Furnished
55,1,12000,919,https://www.makaan.com/pune/magnus-realty-manjri-green-annexe-b1-b2-b3-in-manjari-13383535/1bhk-2t-919-sqft-apartment-for-rent,1 BHK Apartment,No Deposit,Furnished
56,1,10000,640,https://www.makaan.com/pune/builder-project-in-wadgaon-sheri-13395189/1bhk-1t-640-sqft-apartment-for-rent,1 BHK Apartment,No Deposit,Unfurnished
57,3,19000,2000,https://www.makaan.com/pune/builder-project-in-wagholi-13388188/3bhk-3t-2000-sqft-apartment-for-rent,3 BHK Apartment,No Deposit,Unfurnished
58,2,15000,1500,https://www.makaan.com/pune/builder-project-in-hinjewadi-13390306/2bhk-1t-1500-sqft-independenthouse-for-rent,2 BHK Independent House,No Deposit,Unfurnished
59,2,20000,824,https://www.makaan.com/pune/builder-project-in-kothrud-13399728/2bhk-2t-824-sqft-apartment-for-rent,2 BHK Apartment,No Deposit,Semi-Furnished
60,1,6750,450,https://www.makaan.com/pune/builder-project-in-mundhwa-11795490/1bhk-1t-450-sqft-builderfloor-for-rent,1 BHK Independent Floor,No Deposit,Unfurnished
61,1,6000,580,https://www.makaan.com/pune/reputed-builder-green-wood-in-mundhwa-13424092/1bhk-1t-580-sqft-independenthouse-for-rent,1 BHK Independent House,No Deposit,Unfurnished
62,1,10000,600,https://www.makaan.com/pune/builder-project-in-pimple-gurav-13418787/1bhk-1t-600-sqft-independenthouse-for-rent,1 BHK Independent House,No Deposit,Unfurnished
63,2,19000,1102,https://www.makaan.com/pune/shiv-shakti-developers-haveli-heights-in-wakad-13416443/2bhk-2t-1102-sqft-apartment-for-rent,2 BHK Apartment,No Deposit,Unfurnished
64,1,5000,350,https://www.makaan.com/pune/builder-project-in-kondhwa-budruk-13415314/1rk-1t-350-sqft-apartment-for-rent,1 RK Studio Apartment,No Deposit,Unfurnished
65,1,5000,450,https://www.makaan.com/pune/builder-project-in-katraj-13415303/1bhk-1t-450-sqft-apartment-for-rent,1 BHK Apartment,No Deposit,Unfurnished
66,1,9000,500,https://www.makaan.com/pune/builder-project-in-mundhwa-13428834/1bhk-1t-500-sqft-independenthouse-for-rent,1 BHK Independent House,No Deposit,Unfurnished
67,1,6000,650,https://www.makaan.com/pune/builder-project-in-fursungi-13432836/1bhk-1t-650-sqft-builderfloor-for-rent,1 BHK Independent Floor,No Deposit,Unfurnished
68,2,14000,852,https://www.makaan.com/pune/gk-developers-silverland-residency-phase-iii-in-ravet-13400019/2bhk-2t-852-sqft-apartment-for-rent,2 BHK Apartment,No Deposit,Semi-Furnished
69,1,9500,570,https://www.makaan.com/pune/chintan-builders-kudale-patil-towers-in-vadgaon-budruk-13414378/1bhk-1t-570-sqft-apartment-for-rent,1 BHK Apartment,No Deposit,Unfurnished
70,2,9000,750,https://www.makaan.com/pune/lodha-group-estancia-in-gahunje-13414371/2bhk-2t-750-sqft-apartment-for-rent,2 BHK Apartment,No Deposit,Semi-Furnished
71,1,6000,480,https://www.makaan.com/pune/builder-project-in-fursungi-13414364/1rk-1t-480-sqft-builderfloor-for-rent,1 RK Studio Apartment,No Deposit,Semi-Furnished
72,1,10000,720,https://www.makaan.com/pune/builder-project-in-old-sangvi-13414358/1bhk-1t-720-sqft-apartment-for-rent,1 BHK Apartment,No Deposit,Semi-Furnished
73,2,17000,1100,https://www.makaan.com/pune/megapolis-splendour-smart-homes-3-in-hinjewadi-13402996/2bhk-2t-1100-sqft-apartment-for-rent,2 BHK Apartment,No Deposit,Unfurnished
74,3,22000,1605,https://www.makaan.com/pune/builder-project-in-patil-nager-13414372/3bhk-3t-1605-sqft-apartment-for-rent,3 BHK Apartment,No Deposit,Semi-Furnished
75,1,12000,919,https://www.makaan.com/pune/magnus-realty-manjri-green-annexe-b1-b2-b3-in-manjari-13383535/1bhk-2t-919-sqft-apartment-for-rent,1 BHK Apartment,No Deposit,Furnished
76,1,10000,640,https://www.makaan.com/pune/builder-project-in-wadgaon-sheri-13395189/1bhk-1t-640-sqft-apartment-for-rent,1 BHK Apartment,No Deposit,Unfurnished
77,3,19000,2000,https://www.makaan.com/pune/builder-project-in-wagholi-13388188/3bhk-3t-2000-sqft-apartment-for-rent,3 BHK Apartment,No Deposit,Unfurnished
78,2,15000,1500,https://www.makaan.com/pune/builder-project-in-hinjewadi-13390306/2bhk-1t-1500-sqft-independenthouse-for-rent,2 BHK Independent House,No Deposit,Unfurnished
79,2,20000,824,https://www.makaan.com/pune/builder-project-in-kothrud-13399728/2bhk-2t-824-sqft-apartment-for-rent,2 BHK Apartment,No Deposit,Semi-Furnished
80,1,6750,450,https://www.makaan.com/pune/builder-project-in-mundhwa-11795490/1bhk-1t-450-sqft-builderfloor-for-rent,1 BHK Independent Floor,No Deposit,Unfurnished
81,1,6000,580,https://www.makaan.com/pune/reputed-builder-green-wood-in-mundhwa-13424092/1bhk-1t-580-sqft-independenthouse-for-rent,1 BHK Independent House,No Deposit,Unfurnished
82,1,10000,600,https://www.makaan.com/pune/builder-project-in-pimple-gurav-13418787/1bhk-1t-600-sqft-independenthouse-for-rent,1 BHK Independent House,No Deposit,Unfurnished
83,2,19000,1102,https://www.makaan.com/pune/shiv-shakti-developers-haveli-heights-in-wakad-13416443/2bhk-2t-1102-sqft-apartment-for-rent,2 BHK Apartment,No Deposit,Unfurnished
84,1,5000,350,https://www.makaan.com/pune/builder-project-in-kondhwa-budruk-13415314/1rk-1t-350-sqft-apartment-for-rent,1 RK Studio Apartment,No Deposit,Unfurnished
85,1,5000,450,https://www.makaan.com/pune/builder-project-in-katraj-13415303/1bhk-1t-450-sqft-apartment-for-rent,1 BHK Apartment,No Deposit,Unfurnished
86,1,9000,500,https://www.makaan.com/pune/builder-project-in-mundhwa-13428834/1bhk-1t-500-sqft-independenthouse-for-rent,1 BHK Independent House,No Deposit,Unfurnished
87,1,6000,650,https://www.makaan.com/pune/builder-project-in-fursungi-13432836/1bhk-1t-650-sqft-builderfloor-for-rent,1 BHK Independent Floor,No Deposit,Unfurnished
88,2,14000,852,https://www.makaan.com/pune/gk-developers-silverland-residency-phase-iii-in-ravet-13400019/2bhk-2t-852-sqft-apartment-for-rent,2 BHK Apartment,No Deposit,Semi-Furnished
89,1,9500,570,https://www.makaan.com/pune/chintan-builders-kudale-patil-towers-in-vadgaon-budruk-13414378/1bhk-1t-570-sqft-apartment-for-rent,1 BHK Apartment,No Deposit,Unfurnished
90,2,9000,750,https://www.makaan.com/pune/lodha-group-estancia-in-gahunje-13414371/2bhk-2t-750-sqft-apartment-for-rent,2 BHK Apartment,No Deposit,Semi-Furnished
91,1,6000,480,https://www.makaan.com/pune/builder-project-in-fursungi-13414364/1rk-1t-480-sqft-builderfloor-for-rent,1 RK Studio Apartment,No Deposit,Semi-Furnished
92,1,10000,720,https://www.makaan.com/pune/builder-project-in-old-sangvi-13414358/1bhk-1t-720-sqft-apartment-for-rent,1 BHK Apartment,No Deposit,Semi-Furnished
93,2,17000,1100,https://www.makaan.com/pune/megapolis-splendour-smart-homes-3-in-hinjewadi-13402996/2bhk-2t-1100-sqft-apartment-for-rent,2 BHK Apartment,No Deposit,Unfurnished
94,3,22000,1605,https://www.makaan.com/pune/builder-project-in-patil-nager-13414372/3bhk-3t-1605-sqft-apartment-for-rent,3 BHK Apartment,No Deposit,Semi-Furnished
95,1,12000,919,https://www.makaan.com/pune/magnus-realty-manjri-green-annexe-b1-b2-b3-in-manjari-13383535/1bhk-2t-919-sqft-apartment-for-rent,1 BHK Apartment,No Deposit,Furnished
96,1,10000,640,https://www.makaan.com/pune/builder-project-in-wadgaon-sheri-13395189/1bhk-1t-640-sqft-apartment-for-rent,1 BHK Apartment,No Deposit,Unfurnished
97,3,19000,2000,https://www.makaan.com/pune/builder-project-in-wagholi-13388188/3bhk-3t-2000-sqft-apartment-for-rent,3 BHK Apartment,No Deposit,Unfurnished
98,2,15000,1500,https://www.makaan.com/pune/builder-project-in-hinjewadi-13390306/2bhk-1t-1500-sqft-independenthouse-for-rent,2 BHK Independent House,No Deposit,Unfurnished
99,2,20000,824,https://www.makaan.com/pune/builder-project-in-kothrud-13399728/2bhk-2t-824-sqft-apartment-for-rent,2 BHK Apartment,No Deposit,Semi-Furnished
100,1,6750,450,https://www.makaan.com/pune/builder-project-in-mundhwa-11795490/1bhk-1t-450-sqft-builderfloor-for-rent,1 BHK Independent Floor,No Deposit,Unfurnished
101,1,6000,580,https://www.makaan.com/pune/reputed-builder-green-wood-in-mundhwa-13424092/1bhk-1t-580-sqft-independenthouse-for-rent,1 BHK Independent House,No Deposit,Unfurnished
102,1,10000,600,https://www.makaan.com/pune/builder-project-in-pimple-gurav-13418787/1bhk-1t-600-sqft-independenthouse-for-rent,1 BHK Independent House,No Deposit,Unfurnished
103,2,19000,1102,https://www.makaan.com/pune/shiv-shakti-developers-haveli-heights-in-wakad-13416443/2bhk-2t-1102-sqft-apartment-for-rent,2 BHK Apartment,No Deposit,Unfurnished
104,1,5000,350,https://www.makaan.com/pune/builder-project-in-kondhwa-budruk-13415314/1rk-1t-350-sqft-apartment-for-rent,1 RK Studio Apartment,No Deposit,Unfurnished
105,1,5000,450,https://www.makaan.com/pune/builder-project-in-katraj-13415303/1bhk-1t-450-sqft-apartment-for-rent,1 BHK Apartment,No Deposit,Unfurnished
106,1,9000,500,https://www.makaan.com/pune/builder-project-in-mundhwa-13428834/1bhk-1t-500-sqft-independenthouse-for-rent,1 BHK Independent House,No Deposit,Unfurnished
107,1,6000,650,https://www.makaan.com/pune/builder-project-in-fursungi-13432836/1bhk-1t-650-sqft-builderfloor-for-rent,1 BHK Independent Floor,No Deposit,Unfurnished
108,2,14000,852,https://www.makaan.com/pune/gk-developers-silverland-residency-phase-iii-in-ravet-13400019/2bhk-2t-852-sqft-apartment-for-rent,2 BHK Apartment,No Deposit,Semi-Furnished
109,1,9500,570,https://www.makaan.com/pune/chintan-builders-kudale-patil-towers-in-vadgaon-budruk-13414378/1bhk-1t-570-sqft-apartment-for-rent,1 BHK Apartment,No Deposit,Unfurnished
110,2,9000,750,https://www.makaan.com/pune/lodha-group-estancia-in-gahunje-13414371/2bhk-2t-750-sqft-apartment-for-rent,2 BHK Apartment,No Deposit,Semi-Furnished
111,1,6000,480,https://www.makaan.com/pune/builder-project-in-fursungi-13414364/1rk-1t-480-sqft-builderfloor-for-rent,1 RK Studio Apartment,No Deposit,Semi-Furnished
112,1,10000,720,https://www.makaan.com/pune/builder-project-in-old-sangvi-13414358/1bhk-1t-720-sqft-apartment-for-rent,1 BHK Apartment,No Deposit,Semi-Furnished
113,2,17000,1100,https://www.makaan.com/pune/megapolis-splendour-smart-homes-3-in-hinjewadi-13402996/2bhk-2t-1100-sqft-apartment-for-rent,2 BHK Apartment,No Deposit,Unfurnished
114,3,22000,1605,https://www.makaan.com/pune/builder-project-in-patil-nager-13414372/3bhk-3t-1605-sqft-apartment-for-rent,3 BHK Apartment,No Deposit,Semi-Furnished
115,1,12000,919,https://www.makaan.com/pune/magnus-realty-manjri-green-annexe-b1-b2-b3-in-manjari-13383535/1bhk-2t-919-sqft-apartment-for-rent,1 BHK Apartment,No Deposit,Furnished
116,1,10000,640,https://www.makaan.com/pune/builder-project-in-wadgaon-sheri-13395189/1bhk-1t-640-sqft-apartment-for-rent,1 BHK Apartment,No Deposit,Unfurnished
117,3,19000,2000,https://www.makaan.com/pune/builder-project-in-wagholi-13388188/3bhk-3t-2000-sqft-apartment-for-rent,3 BHK Apartment,No Deposit,Unfurnished
118,2,15000,1500,https://www.makaan.com/pune/builder-project-in-hinjewadi-13390306/2bhk-1t-1500-sqft-independenthouse-for-rent,2 BHK Independent House,No Deposit,Unfurnished
119,2,20000,824,https://www.makaan.com/pune/builder-project-in-kothrud-13399728/2bhk-2t-824-sqft-apartment-for-rent,2 BHK Apartment,No Deposit,Semi-Furnished
120,1,6750,450,https://www.makaan.com/pune/builder-project-in-mundhwa-11795490/1bhk-1t-450-sqft-builderfloor-for-rent,1 BHK Independent Floor,No Deposit,Unfurnished
121,1,6000,580,https://www.makaan.com/pune/reputed-builder-green-wood-in-mundhwa-13424092/1bhk-1t-580-sqft-independenthouse-for-rent,1 BHK Independent House,No Deposit,Unfurnished
122,1,10000,600,https://www.makaan.com/pune/builder-project-in-pimple-gurav-13418787/1bhk-1t-600-sqft-independenthouse-for-rent,1 BHK Independent House,No Deposit,Unfurnished
123,2,19000,1102,https://www.makaan.com/pune/shiv-shakti-developers-haveli-heights-in-wakad-13416443/2bhk-2t-1102-sqft-apartment-for-rent,2 BHK Apartment,No Deposit,Unfurnished
124,1,5000,350,https://www.makaan.com/pune/builder-project-in-kondhwa-budruk-13415314/1rk-1t-350-sqft-apartment-for-rent,1 RK Studio Apartment,No Deposit,Unfurnished
125,1,5000,450,https://www.makaan.com/pune/builder-project-in-katraj-13415303/1bhk-1t-450-sqft-apartment-for-rent,1 BHK Apartment,No Deposit,Unfurnished
126,1,9000,500,https://www.makaan.com/pune/builder-project-in-mundhwa-13428834/1bhk-1t-500-sqft-independenthouse-for-rent,1 BHK Independent House,No Deposit,Unfurnished
127,1,6000,650,https://www.makaan.com/pune/builder-project-in-fursungi-13432836/1bhk-1t-650-sqft-builderfloor-for-rent,1 BHK Independent Floor,No Deposit,Unfurnished
128,2,14000,852,https://www.makaan.com/pune/gk-developers-silverland-residency-phase-iii-in-ravet-13400019/2bhk-2t-852-sqft-apartment-for-rent,2 BHK Apartment,No Deposit,Semi-Furnished
129,1,9500,570,https://www.makaan.com/pune/chintan-builders-kudale-patil-towers-in-vadgaon-budruk-13414378/1bhk-1t-570-sqft-apartment-for-rent,1 BHK Apartment,No Deposit,Unfurnished
130,2,9000,750,https://www.makaan.com/pune/lodha-group-estancia-in-gahunje-13414371/2bhk-2t-750-sqft-apartment-for-rent,2 BHK Apartment,No Deposit,Semi-Furnished
131,1,6000,480,https://www.makaan.com/pune/builder-project-in-fursungi-13414364/1rk-1t-480-sqft-builderfloor-for-rent,1 RK Studio Apartment,No Deposit,Semi-Furnished
132,1,10000,720,https://www.makaan.com/pune/builder-project-in-old-sangvi-13414358/1bhk-1t-720-sqft-apartment-for-rent,1 BHK Apartment,No Deposit,Semi-Furnished
133,2,17000,1100,https://www.makaan.com/pune/megapolis-splendour-smart-homes-3-in-hinjewadi-13402996/2bhk-2t-1100-sqft-apartment-for-rent,2 BHK Apartment,No Deposit,Unfurnished
134,3,22000,1605,https://www.makaan.com/pune/builder-project-in-patil-nager-13414372/3bhk-3t-1605-sqft-apartment-for-rent,3 BHK Apartment,No Deposit,Semi-Furnished
135,1,12000,919,https://www.makaan.com/pune/magnus-realty-manjri-green-annexe-b1-b2-b3-in-manjari-13383535/1bhk-2t-919-sqft-apartment-for-rent,1 BHK Apartment,No Deposit,Furnished
136,1,10000,640,https://www.makaan.com/pune/builder-project-in-wadgaon-sheri-13395189/1bhk-1t-640-sqft-apartment-for-rent,1 BHK Apartment,No Deposit,Unfurnished
137,3,19000,2000,https://www.makaan.com/pune/builder-project-in-wagholi-13388188/3bhk-3t-2000-sqft-apartment-for-rent,3 BHK Apartment,No Deposit,Unfurnished
138,2,15000,1500,https://www.makaan.com/pune/builder-project-in-hinjewadi-13390306/2bhk-1t-1500-sqft-independenthouse-for-rent,2 BHK Independent House,No Deposit,Unfurnished
139,2,20000,824,https://www.makaan.com/pune/builder-project-in-kothrud-13399728/2bhk-2t-824-sqft-apartment-for-rent,2 BHK Apartment,No Deposit,Semi-Furnished
140,1,6750,450,https://www.makaan.com/pune/builder-project-in-mundhwa-11795490/1bhk-1t-450-sqft-builderfloor-for-rent,1 BHK Independent Floor,No Deposit,Unfurnished
141,1,6000,580,https://www.makaan.com/pune/reputed-builder-green-wood-in-mundhwa-13424092/1bhk-1t-580-sqft-independenthouse-for-rent,1 BHK Independent House,No Deposit,Unfurnished
142,1,10000,600,https://www.makaan.com/pune/builder-project-in-pimple-gurav-13418787/1bhk-1t-600-sqft-independenthouse-for-rent,1 BHK Independent House,No Deposit,Unfurnished
143,2,19000,1102,https://www.makaan.com/pune/shiv-shakti-developers-haveli-heights-in-wakad-13416443/2bhk-2t-1102-sqft-apartment-for-rent,2 BHK Apartment,No Deposit,Unfurnished
144,1,5000,350,https://www.makaan.com/pune/builder-project-in-kondhwa-budruk-13415314/1rk-1t-350-sqft-apartment-for-rent,1 RK Studio Apartment,No Deposit,Unfurnished
145,1,5000,450,https://www.makaan.com/pune/builder-project-in-katraj-13415303/1bhk-1t-450-sqft-apartment-for-rent,1 BHK Apartment,No Deposit,Unfurnished
146,1,9000,500,https://www.makaan.com/pune/builder-project-in-mundhwa-13428834/1bhk-1t-500-sqft-independenthouse-for-rent,1 BHK Independent House,No Deposit,Unfurnished
147,1,6000,650,https://www.makaan.com/pune/builder-project-in-fursungi-13432836/1bhk-1t-650-sqft-builderfloor-for-rent,1 BHK Independent Floor,No Deposit,Unfurnished
148,2,14000,852,https://www.makaan.com/pune/gk-developers-silverland-residency-phase-iii-in-ravet-13400019/2bhk-2t-852-sqft-apartment-for-rent,2 BHK Apartment,No Deposit,Semi-Furnished
149,1,9500,570,https://www.makaan.com/pune/chintan-builders-kudale-patil-towers-in-vadgaon-budruk-13414378/1bhk-1t-570-sqft-apartment-for-rent,1 BHK Apartment,No Deposit,Unfurnished
150,2,9000,750,https://www.makaan.com/pune/lodha-group-estancia-in-gahunje-13414371/2bhk-2t-750-sqft-apartment-for-rent,2 BHK Apartment,No Deposit,Semi-Furnished
151,1,6000,480,https://www.makaan.com/pune/builder-project-in-fursungi-13414364/1rk-1t-480-sqft-builderfloor-for-rent,1 RK Studio Apartment,No Deposit,Semi-Furnished
152,1,10000,720,https://www.makaan.com/pune/builder-project-in-old-sangvi-13414358/1bhk-1t-720-sqft-apartment-for-rent,1 BHK Apartment,No Deposit,Semi-Furnished
153,2,17000,1100,https://www.makaan.com/pune/megapolis-splendour-smart-homes-3-in-hinjewadi-13402996/2bhk-2t-1100-sqft-apartment-for-rent,2 BHK Apartment,No Deposit,Unfurnished
154,3,22000,1605,https://www.makaan.com/pune/builder-project-in-patil-nager-13414372/3bhk-3t-1605-sqft-apartment-for-rent,3 BHK Apartment,No Deposit,Semi-Furnished
155,1,12000,919,https://www.makaan.com/pune/magnus-realty-manjri-green-annexe-b1-b2-b3-in-manjari-13383535/1bhk-2t-919-sqft-apartment-for-rent,1 BHK Apartment,No Deposit,Furnished
156,1,10000,640,https://www.makaan.com/pune/builder-project-in-wadgaon-sheri-13395189/1bhk-1t-640-sqft-apartment-for-rent,1 BHK Apartment,No Deposit,Unfurnished
157,3,19000,2000,https://www.makaan.com/pune/builder-project-in-wagholi-13388188/3bhk-3t-2000-sqft-apartment-for-rent,3 BHK Apartment,No Deposit,Unfurnished
158,2,15000,1500,https://www.makaan.com/pune/builder-project-in-hinjewadi-13390306/2bhk-1t-1500-sqft-independenthouse-for-rent,2 BHK Independent House,No Deposit,Unfurnished
159,2,20000,824,https://www.makaan.com/pune/builder-project-in-kothrud-13399728/2bhk-2t-824-sqft-apartment-for-rent,2 BHK Apartment,No Deposit,Semi-Furnished
160,1,6750,450,https://www.makaan.com/pune/builder-project-in-mundhwa-11795490/1bhk-1t-450-sqft-builderfloor-for-rent,1 BHK Independent Floor,No Deposit,Unfurnished
161,1,6000,580,https://www.makaan.com/pune/reputed-builder-green-wood-in-mundhwa-13424092/1bhk-1t-580-sqft-independenthouse-for-rent,1 BHK Independent House,No Deposit,Unfurnished
162,1,10000,600,https://www.makaan.com/pune/builder-project-in-pimple-gurav-13418787/1bhk-1t-600-sqft-independenthouse-for-rent,1 BHK Independent House,No Deposit,Unfurnished
163,2,19000,1102,https://www.makaan.com/pune/shiv-shakti-developers-haveli-heights-in-wakad-13416443/2bhk-2t-1102-sqft-apartment-for-rent,2 BHK Apartment,No Deposit,Unfurnished
164,1,5000,350,https://www.makaan.com/pune/builder-project-in-kondhwa-budruk-13415314/1rk-1t-350-sqft-apartment-for-rent,1 RK Studio Apartment,No Deposit,Unfurnished
165,1,5000,450,https://www.makaan.com/pune/builder-project-in-katraj-13415303/1bhk-1t-450-sqft-apartment-for-rent,1 BHK Apartment,No Deposit,Unfurnished
166,1,9000,500,https://www.makaan.com/pune/builder-project-in-mundhwa-13428834/1bhk-1t-500-sqft-independenthouse-for-rent,1 BHK Independent House,No Deposit,Unfurnished
167,1,6000,650,https://www.makaan.com/pune/builder-project-in-fursungi-13432836/1bhk-1t-650-sqft-builderfloor-for-rent,1 BHK Independent Floor,No Deposit,Unfurnished
168,2,14000,852,https://www.makaan.com/pune/gk-developers-silverland-residency-phase-iii-in-ravet-13400019/2bhk-2t-852-sqft-apartment-for-rent,2 BHK Apartment,No Deposit,Semi-Furnished
169,1,9500,570,https://www.makaan.com/pune/chintan-builders-kudale-patil-towers-in-vadgaon-budruk-13414378/1bhk-1t-570-sqft-apartment-for-rent,1 BHK Apartment,No Deposit,Unfurnished
170,2,9000,750,https://www.makaan.com/pune/lodha-group-estancia-in-gahunje-13414371/2bhk-2t-750-sqft-apartment-for-rent,2 BHK Apartment,No Deposit,Semi-Furnished
171,1,6000,480,https://www.makaan.com/pune/builder-project-in-fursungi-13414364/1rk-1t-480-sqft-builderfloor-for-rent,1 RK Studio Apartment,No Deposit,Semi-Furnished
172,1,10000,720,https://www.makaan.com/pune/builder-project-in-old-sangvi-13414358/1bhk-1t-720-sqft-apartment-for-rent,1 BHK Apartment,No Deposit,Semi-Furnished
173,2,17000,1100,https://www.makaan.com/pune/megapolis-splendour-smart-homes-3-in-hinjewadi-13402996/2bhk-2t-1100-sqft-apartment-for-rent,2 BHK Apartment,No Deposit,Unfurnished
174,3,22000,1605,https://www.makaan.com/pune/builder-project-in-patil-nager-13414372/3bhk-3t-1605-sqft-apartment-for-rent,3 BHK Apartment,No Deposit,Semi-Furnished
175,1,12000,919,https://www.makaan.com/pune/magnus-realty-manjri-green-annexe-b1-b2-b3-in-manjari-13383535/1bhk-2t-919-sqft-apartment-for-rent,1 BHK Apartment,No Deposit,Furnished
176,1,10000,640,https://www.makaan.com/pune/builder-project-in-wadgaon-sheri-13395189/1bhk-1t-640-sqft-apartment-for-rent,1 BHK Apartment,No Deposit,Unfurnished
177,3,19000,2000,https://www.makaan.com/pune/builder-project-in-wagholi-13388188/3bhk-3t-2000-sqft-apartment-for-rent,3 BHK Apartment,No Deposit,Unfurnished
178,2,15000,1500,https://www.makaan.com/pune/builder-project-in-hinjewadi-13390306/2bhk-1t-1500-sqft-independenthouse-for-rent,2 BHK Independent House,No Deposit,Unfurnished
179,2,20000,824,https://www.makaan.com/pune/builder-project-in-kothrud-13399728/2bhk-2t-824-sqft-apartment-for-rent,2 BHK Apartment,No Deposit,Semi-Furnished
180,1,6750,450,https://www.makaan.com/pune/builder-project-in-mundhwa-11795490/1bhk-1t-450-sqft-builderfloor-for-rent,1 BHK Independent Floor,No Deposit,Unfurnished
181,1,6000,580,https://www.makaan.com/pune/reputed-builder-green-wood-in-mundhwa-13424092/1bhk-1t-580-sqft-independenthouse-for-rent,1 BHK Independent House,No Deposit,Unfurnished
182,1,10000,600,https://www.makaan.com/pune/builder-project-in-pimple-gurav-13418787/1bhk-1t-600-sqft-independenthouse-for-rent,1 BHK Independent House,No Deposit,Unfurnished
183,2,19000,1102,https://www.makaan.com/pune/shiv-shakti-developers-haveli-heights-in-wakad-13416443/2bhk-2t-1102-sqft-apartment-for-rent,2 BHK Apartment,No Deposit,Unfurnished
184,1,5000,350,https://www.makaan.com/pune/builder-project-in-kondhwa-budruk-13415314/1rk-1t-350-sqft-apartment-for-rent,1 RK Studio Apartment,No Deposit,Unfurnished
185,1,5000,450,https://www.makaan.com/pune/builder-project-in-katraj-13415303/1bhk-1t-450-sqft-apartment-for-rent,1 BHK Apartment,No Deposit,Unfurnished
186,1,9000,500,https://www.makaan.com/pune/builder-project-in-mundhwa-13428834/1bhk-1t-500-sqft-independenthouse-for-rent,1 BHK Independent House,No Deposit,Unfurnished
187,1,6000,650,https://www.makaan.com/pune/builder-project-in-fursungi-13432836/1bhk-1t-650-sqft-builderfloor-for-rent,1 BHK Independent Floor,No Deposit,Unfurnished
188,2,14000,852,https://www.makaan.com/pune/gk-developers-silverland-residency-phase-iii-in-ravet-13400019/2bhk-2t-852-sqft-apartment-for-rent,2 BHK Apartment,No Deposit,Semi-Furnished
189,1,9500,570,https://www.makaan.com/pune/chintan-builders-kudale-patil-towers-in-vadgaon-budruk-13414378/1bhk-1t-570-sqft-apartment-for-rent,1 BHK Apartment,No Deposit,Unfurnished
190,2,9000,750,https://www.makaan.com/pune/lodha-group-estancia-in-gahunje-13414371/2bhk-2t-750-sqft-apartment-for-rent,2 BHK Apartment,No Deposit,Semi-Furnished
191,1,6000,480,https://www.makaan.com/pune/builder-project-in-fursungi-13414364/1rk-1t-480-sqft-builderfloor-for-rent,1 RK Studio Apartment,No Deposit,Semi-Furnished
192,1,10000,720,https://www.makaan.com/pune/builder-project-in-old-sangvi-13414358/1bhk-1t-720-sqft-apartment-for-rent,1 BHK Apartment,No Deposit,Semi-Furnished
193,2,17000,1100,https://www.makaan.com/pune/megapolis-splendour-smart-homes-3-in-hinjewadi-13402996/2bhk-2t-1100-sqft-apartment-for-rent,2 BHK Apartment,No Deposit,Unfurnished
194,3,22000,1605,https://www.makaan.com/pune/builder-project-in-patil-nager-13414372/3bhk-3t-1605-sqft-apartment-for-rent,3 BHK Apartment,No Deposit,Semi-Furnished
195,1,12000,919,https://www.makaan.com/pune/magnus-realty-manjri-green-annexe-b1-b2-b3-in-manjari-13383535/1bhk-2t-919-sqft-apartment-for-rent,1 BHK Apartment,No Deposit,Furnished
196,1,10000,640,https://www.makaan.com/pune/builder-project-in-wadgaon-sheri-13395189/1bhk-1t-640-sqft-apartment-for-rent,1 BHK Apartment,No Deposit,Unfurnished
197,3,19000,2000,https://www.makaan.com/pune/builder-project-in-wagholi-13388188/3bhk-3t-2000-sqft-apartment-for-rent,3 BHK Apartment,No Deposit,Unfurnished
198,2,15000,1500,https://www.makaan.com/pune/builder-project-in-hinjewadi-13390306/2bhk-1t-1500-sqft-independenthouse-for-rent,2 BHK Independent House,No Deposit,Unfurnished
199,2,20000,824,https://www.makaan.com/pune/builder-project-in-kothrud-13399728/2bhk-2t-824-sqft-apartment-for-rent,2 BHK Apartment,No Deposit,Semi-Furnished
200,1,6750,450,https://www.makaan.com/pune/builder-project-in-mundhwa-11795490/1bhk-1t-450-sqft-builderfloor-for-rent,1 BHK Independent Floor,No Deposit,Unfurnished
201,1,6000,580,https://www.makaan.com/pune/reputed-builder-green-wood-in-mundhwa-13424092/1bhk-1t-580-sqft-independenthouse-for-rent,1 BHK Independent House,No Deposit,Unfurnished
202,1,10000,600,https://www.makaan.com/pune/builder-project-in-pimple-gurav-13418787/1bhk-1t-600-sqft-independenthouse-for-rent,1 BHK Independent House,No Deposit,Unfurnished
203,2,19000,1102,https://www.makaan.com/pune/shiv-shakti-developers-haveli-heights-in-wakad-13416443/2bhk-2t-1102-sqft-apartment-for-rent,2 BHK Apartment,No Deposit,Unfurnished
204,1,5000,350,https://www.makaan.com/pune/builder-project-in-kondhwa-budruk-13415314/1rk-1t-350-sqft-apartment-for-rent,1 RK Studio Apartment,No Deposit,Unfurnished
205,1,5000,450,https://www.makaan.com/pune/builder-project-in-katraj-13415303/1bhk-1t-450-sqft-apartment-for-rent,1 BHK Apartment,No Deposit,Unfurnished
206,1,9000,500,https://www.makaan.com/pune/builder-project-in-mundhwa-13428834/1bhk-1t-500-sqft-independenthouse-for-rent,1 BHK Independent House,No Deposit,Unfurnished
207,1,6000,650,https://www.makaan.com/pune/builder-project-in-fursungi-13432836/1bhk-1t-650-sqft-builderfloor-for-rent,1 BHK Independent Floor,No Deposit,Unfurnished
208,2,14000,852,https://www.makaan.com/pune/gk-developers-silverland-residency-phase-iii-in-ravet-13400019/2bhk-2t-852-sqft-apartment-for-rent,2 BHK Apartment,No Deposit,Semi-Furnished
209,1,9500,570,https://www.makaan.com/pune/chintan-builders-kudale-patil-towers-in-vadgaon-budruk-13414378/1bhk-1t-570-sqft-apartment-for-rent,1 BHK Apartment,No Deposit,Unfurnished
210,2,9000,750,https://www.makaan.com/pune/lodha-group-estancia-in-gahunje-13414371/2bhk-2t-750-sqft-apartment-for-rent,2 BHK Apartment,No Deposit,Semi-Furnished
211,1,6000,480,https://www.makaan.com/pune/builder-project-in-fursungi-13414364/1rk-1t-480-sqft-builderfloor-for-rent,1 RK Studio Apartment,No Deposit,Semi-Furnished
212,1,10000,720,https://www.makaan.com/pune/builder-project-in-old-sangvi-13414358/1bhk-1t-720-sqft-apartment-for-rent,1 BHK Apartment,No Deposit,Semi-Furnished
213,2,17000,1100,https://www.makaan.com/pune/megapolis-splendour-smart-homes-3-in-hinjewadi-13402996/2bhk-2t-1100-sqft-apartment-for-rent,2 BHK Apartment,No Deposit,Unfurnished
214,3,22000,1605,https://www.makaan.com/pune/builder-project-in-patil-nager-13414372/3bhk-3t-1605-sqft-apartment-for-rent,3 BHK Apartment,No Deposit,Semi-Furnished
215,1,12000,919,https://www.makaan.com/pune/magnus-realty-manjri-green-annexe-b1-b2-b3-in-manjari-13383535/1bhk-2t-919-sqft-apartment-for-rent,1 BHK Apartment,No Deposit,Furnished
216,1,10000,640,https://www.makaan.com/pune/builder-project-in-wadgaon-sheri-13395189/1bhk-1t-640-sqft-apartment-for-rent,1 BHK Apartment,No Deposit,Unfurnished
217,3,19000,2000,https://www.makaan.com/pune/builder-project-in-wagholi-13388188/3bhk-3t-2000-sqft-apartment-for-rent,3 BHK Apartment,No Deposit,Unfurnished
218,2,15000,1500,https://www.makaan.com/pune/builder-project-in-hinjewadi-13390306/2bhk-1t-1500-sqft-independenthouse-for-rent,2 BHK Independent House,No Deposit,Unfurnished
219,2,20000,824,https://www.makaan.com/pune/builder-project-in-kothrud-13399728/2bhk-2t-824-sqft-apartment-for-rent,2 BHK Apartment,No Deposit,Semi-Furnished
220,1,6750,450,https://www.makaan.com/pune/builder-project-in-mundhwa-11795490/1bhk-1t-450-sqft-builderfloor-for-rent,1 BHK Independent Floor,No Deposit,Unfurnished
221,1,6000,580,https://www.makaan.com/pune/reputed-builder-green-wood-in-mundhwa-13424092/1bhk-1t-580-sqft-independenthouse-for-rent,1 BHK Independent House,No Deposit,Unfurnished
222,1,10000,600,https://www.makaan.com/pune/builder-project-in-pimple-gurav-13418787/1bhk-1t-600-sqft-independenthouse-for-rent,1 BHK Independent House,No Deposit,Unfurnished
223,2,19000,1102,https://www.makaan.com/pune/shiv-shakti-developers-haveli-heights-in-wakad-13416443/2bhk-2t-1102-sqft-apartment-for-rent,2 BHK Apartment,No Deposit,Unfurnished
224,1,5000,350,https://www.makaan.com/pune/builder-project-in-kondhwa-budruk-13415314/1rk-1t-350-sqft-apartment-for-rent,1 RK Studio Apartment,No Deposit,Unfurnished
225,1,5000,450,https://www.makaan.com/pune/builder-project-in-katraj-13415303/1bhk-1t-450-sqft-apartment-for-rent,1 BHK Apartment,No Deposit,Unfurnished
226,1,9000,500,https://www.makaan.com/pune/builder-project-in-mundhwa-13428834/1bhk-1t-500-sqft-independenthouse-for-rent,1 BHK Independent House,No Deposit,Unfurnished
227,1,6000,650,https://www.makaan.com/pune/builder-project-in-fursungi-13432836/1bhk-1t-650-sqft-builderfloor-for-rent,1 BHK Independent Floor,No Deposit,Unfurnished
228,2,14000,852,https://www.makaan.com/pune/gk-developers-silverland-residency-phase-iii-in-ravet-13400019/2bhk-2t-852-sqft-apartment-for-rent,2 BHK Apartment,No Deposit,Semi-Furnished
229,1,9500,570,https://www.makaan.com/pune/chintan-builders-kudale-patil-towers-in-vadgaon-budruk-13414378/1bhk-1t-570-sqft-apartment-for-rent,1 BHK Apartment,No Deposit,Unfurnished
230,2,9000,750,https://www.makaan.com/pune/lodha-group-estancia-in-gahunje-13414371/2bhk-2t-750-sqft-apartment-for-rent,2 BHK Apartment,No Deposit,Semi-Furnished
231,1,6000,480,https://www.makaan.com/pune/builder-project-in-fursungi-13414364/1rk-1t-480-sqft-builderfloor-for-rent,1 RK Studio Apartment,No Deposit,Semi-Furnished
232,1,10000,720,https://www.makaan.com/pune/builder-project-in-old-sangvi-13414358/1bhk-1t-720-sqft-apartment-for-rent,1 BHK Apartment,No Deposit,Semi-Furnished
233,2,17000,1100,https://www.makaan.com/pune/megapolis-splendour-smart-homes-3-in-hinjewadi-13402996/2bhk-2t-1100-sqft-apartment-for-rent,2 BHK Apartment,No Deposit,Unfurnished
234,3,22000,1605,https://www.makaan.com/pune/builder-project-in-patil-nager-13414372/3bhk-3t-1605-sqft-apartment-for-rent,3 BHK Apartment,No Deposit,Semi-Furnished
235,1,12000,919,https://www.makaan.com/pune/magnus-realty-manjri-green-annexe-b1-b2-b3-in-manjari-13383535/1bhk-2t-919-sqft-apartment-for-rent,1 BHK Apartment,No Deposit,Furnished
236,1,10000,640,https://www.makaan.com/pune/builder-project-in-wadgaon-sheri-13395189/1bhk-1t-640-sqft-apartment-for-rent,1 BHK Apartment,No Deposit,Unfurnished
237,3,19000,2000,https://www.makaan.com/pune/builder-project-in-wagholi-13388188/3bhk-3t-2000-sqft-apartment-for-rent,3 BHK Apartment,No Deposit,Unfurnished
238,2,15000,1500,https://www.makaan.com/pune/builder-project-in-hinjewadi-13390306/2bhk-1t-1500-sqft-independenthouse-for-rent,2 BHK Independent House,No Deposit,Unfurnished
239,2,20000,824,https://www.makaan.com/pune/builder-project-in-kothrud-13399728/2bhk-2t-824-sqft-apartment-for-rent,2 BHK Apartment,No Deposit,Semi-Furnished
240,1,6750,450,https://www.makaan.com/pune/builder-project-in-mundhwa-11795490/1bhk-1t-450-sqft-builderfloor-for-rent,1 BHK Independent Floor,No Deposit,Unfurnished
241,1,6000,580,https://www.makaan.com/pune/reputed-builder-green-wood-in-mundhwa-13424092/1bhk-1t-580-sqft-independenthouse-for-rent,1 BHK Independent House,No Deposit,Unfurnished
242,1,10000,600,https://www.makaan.com/pune/builder-project-in-pimple-gurav-13418787/1bhk-1t-600-sqft-independenthouse-for-rent,1 BHK Independent House,No Deposit,Unfurnished
243,2,19000,1102,https://www.makaan.com/pune/shiv-shakti-developers-haveli-heights-in-wakad-13416443/2bhk-2t-1102-sqft-apartment-for-rent,2 BHK Apartment,No Deposit,Unfurnished
244,1,5000,350,https://www.makaan.com/pune/builder-project-in-kondhwa-budruk-13415314/1rk-1t-350-sqft-apartment-for-rent,1 RK Studio Apartment,No Deposit,Unfurnished
245,1,5000,450,https://www.makaan.com/pune/builder-project-in-katraj-13415303/1bhk-1t-450-sqft-apartment-for-rent,1 BHK Apartment,No Deposit,Unfurnished
246,1,9000,500,https://www.makaan.com/pune/builder-project-in-mundhwa-13428834/1bhk-1t-500-sqft-independenthouse-for-rent,1 BHK Independent House,No Deposit,Unfurnished
247,1,6000,650,https://www.makaan.com/pune/builder-project-in-fursungi-13432836/1bhk-1t-650-sqft-builderfloor-for-rent,1 BHK Independent Floor,No Deposit,Unfurnished
248,2,14000,852,https://www.makaan.com/pune/gk-developers-silverland-residency-phase-iii-in-ravet-13400019/2bhk-2t-852-sqft-apartment-for-rent,2 BHK Apartment,No Deposit,Semi-Furnished
249,1,9500,570,https://www.makaan.com/pune/chintan-builders-kudale-patil-towers-in-vadgaon-budruk-13414378/1bhk-1t-570-sqft-apartment-for-rent,1 BHK Apartment,No Deposit,Unfurnished
250,2,9000,750,https://www.makaan.com/pune/lodha-group-estancia-in-gahunje-13414371/2bhk-2t-750-sqft-apartment-for-rent,2 BHK Apartment,No Deposit,Semi-Furnished
251,1,6000,480,https://www.makaan.com/pune/builder-project-in-fursungi-13414364/1rk-1t-480-sqft-builderfloor-for-rent,1 RK Studio Apartment,No Deposit,Semi-Furnished
252,1,10000,720,https://www.makaan.com/pune/builder-project-in-old-sangvi-13414358/1bhk-1t-720-sqft-apartment-for-rent,1 BHK Apartment,No Deposit,Semi-Furnished
253,2,17000,1100,https://www.makaan.com/pune/megapolis-splendour-smart-homes-3-in-hinjewadi-13402996/2bhk-2t-1100-sqft-apartment-for-rent,2 BHK Apartment,No Deposit,Unfurnished
254,3,22000,1605,https://www.makaan.com/pune/builder-project-in-patil-nager-13414372/3bhk-3t-1605-sqft-apartment-for-rent,3 BHK Apartment,No Deposit,Semi-Furnished
255,1,12000,919,https://www.makaan.com/pune/magnus-realty-manjri-green-annexe-b1-b2-b3-in-manjari-13383535/1bhk-2t-919-sqft-apartment-for-rent,1 BHK Apartment,No Deposit,Furnished
256,1,10000,640,https://www.makaan.com/pune/builder-project-in-wadgaon-sheri-13395189/1bhk-1t-640-sqft-apartment-for-rent,1 BHK Apartment,No Deposit,Unfurnished
257,3,19000,2000,https://www.makaan.com/pune/builder-project-in-wagholi-13388188/3bhk-3t-2000-sqft-apartment-for-rent,3 BHK Apartment,No Deposit,Unfurnished
258,2,15000,1500,https://www.makaan.com/pune/builder-project-in-hinjewadi-13390306/2bhk-1t-1500-sqft-independenthouse-for-rent,2 BHK Independent House,No Deposit,Unfurnished
259,2,20000,824,https://www.makaan.com/pune/builder-project-in-kothrud-13399728/2bhk-2t-824-sqft-apartment-for-rent,2 BHK Apartment,No Deposit,Semi-Furnished
260,1,6750,450,https://www.makaan.com/pune/builder-project-in-mundhwa-11795490/1bhk-1t-450-sqft-builderfloor-for-rent,1 BHK Independent Floor,No Deposit,Unfurnished
261,1,6000,580,https://www.makaan.com/pune/reputed-builder-green-wood-in-mundhwa-13424092/1bhk-1t-580-sqft-independenthouse-for-rent,1 BHK Independent House,No Deposit,Unfurnished
262,1,10000,600,https://www.makaan.com/pune/builder-project-in-pimple-gurav-13418787/1bhk-1t-600-sqft-independenthouse-for-rent,1 BHK Independent House,No Deposit,Unfurnished
263,2,19000,1102,https://www.makaan.com/pune/shiv-shakti-developers-haveli-heights-in-wakad-13416443/2bhk-2t-1102-sqft-apartment-for-rent,2 BHK Apartment,No Deposit,Unfurnished
264,1,5000,350,https://www.makaan.com/pune/builder-project-in-kondhwa-budruk-13415314/1rk-1t-350-sqft-apartment-for-rent,1 RK Studio Apartment,No Deposit,Unfurnished
265,1,5000,450,https://www.makaan.com/pune/builder-project-in-katraj-13415303/1bhk-1t-450-sqft-apartment-for-rent,1 BHK Apartment,No Deposit,Unfurnished
266,1,9000,500,https://www.makaan.com/pune/builder-project-in-mundhwa-13428834/1bhk-1t-500-sqft-independenthouse-for-rent,1 BHK Independent House,No Deposit,Unfurnished
267,1,6000,650,https://www.makaan.com/pune/builder-project-in-fursungi-13432836/1bhk-1t-650-sqft-builderfloor-for-rent,1 BHK Independent Floor,No Deposit,Unfurnished
268,2,14000,852,https://www.makaan.com/pune/gk-developers-silverland-residency-phase-iii-in-ravet-13400019/2bhk-2t-852-sqft-apartment-for-rent,2 BHK Apartment,No Deposit,Semi-Furnished
269,1,9500,570,https://www.makaan.com/pune/chintan-builders-kudale-patil-towers-in-vadgaon-budruk-13414378/1bhk-1t-570-sqft-apartment-for-rent,1 BHK Apartment,No Deposit,Unfurnished
270,2,9000,750,https://www.makaan.com/pune/lodha-group-estancia-in-gahunje-13414371/2bhk-2t-750-sqft-apartment-for-rent,2 BHK Apartment,No Deposit,Semi-Furnished
271,1,6000,480,https://www.makaan.com/pune/builder-project-in-fursungi-13414364/1rk-1t-480-sqft-builderfloor-for-rent,1 RK Studio Apartment,No Deposit,Semi-Furnished
272,1,10000,720,https://www.makaan.com/pune/builder-project-in-old-sangvi-13414358/1bhk-1t-720-sqft-apartment-for-rent,1 BHK Apartment,No Deposit,Semi-Furnished
273,2,17000,1100,https://www.makaan.com/pune/megapolis-splendour-smart-homes-3-in-hinjewadi-13402996/2bhk-2t-1100-sqft-apartment-for-rent,2 BHK Apartment,No Deposit,Unfurnished
274,3,22000,1605,https://www.makaan.com/pune/builder-project-in-patil-nager-13414372/3bhk-3t-1605-sqft-apartment-for-rent,3 BHK Apartment,No Deposit,Semi-Furnished
275,1,12000,919,https://www.makaan.com/pune/magnus-realty-manjri-green-annexe-b1-b2-b3-in-manjari-13383535/1bhk-2t-919-sqft-apartment-for-rent,1 BHK Apartment,No Deposit,Furnished
276,1,10000,640,https://www.makaan.com/pune/builder-project-in-wadgaon-sheri-13395189/1bhk-1t-640-sqft-apartment-for-rent,1 BHK Apartment,No Deposit,Unfurnished
277,3,19000,2000,https://www.makaan.com/pune/builder-project-in-wagholi-13388188/3bhk-3t-2000-sqft-apartment-for-rent,3 BHK Apartment,No Deposit,Unfurnished
278,2,15000,1500,https://www.makaan.com/pune/builder-project-in-hinjewadi-13390306/2bhk-1t-1500-sqft-independenthouse-for-rent,2 BHK Independent House,No Deposit,Unfurnished
279,2,20000,824,https://www.makaan.com/pune/builder-project-in-kothrud-13399728/2bhk-2t-824-sqft-apartment-for-rent,2 BHK Apartment,No Deposit,Semi-Furnished
280,1,6750,450,https://www.makaan.com/pune/builder-project-in-mundhwa-11795490/1bhk-1t-450-sqft-builderfloor-for-rent,1 BHK Independent Floor,No Deposit,Unfurnished
281,1,6000,580,https://www.makaan.com/pune/reputed-builder-green-wood-in-mundhwa-13424092/1bhk-1t-580-sqft-independenthouse-for-rent,1 BHK Independent House,No Deposit,Unfurnished
282,1,10000,600,https://www.makaan.com/pune/builder-project-in-pimple-gurav-13418787/1bhk-1t-600-sqft-independenthouse-for-rent,1 BHK Independent House,No Deposit,Unfurnished
283,2,19000,1102,https://www.makaan.com/pune/shiv-shakti-developers-haveli-heights-in-wakad-13416443/2bhk-2t-1102-sqft-apartment-for-rent,2 BHK Apartment,No Deposit,Unfurnished
284,1,5000,350,https://www.makaan.com/pune/builder-project-in-kondhwa-budruk-13415314/1rk-1t-350-sqft-apartment-for-rent,1 RK Studio Apartment,No Deposit,Unfurnished
285,1,5000,450,https://www.makaan.com/pune/builder-project-in-katraj-13415303/1bhk-1t-450-sqft-apartment-for-rent,1 BHK Apartment,No Deposit,Unfurnished
286,1,9000,500,https://www.makaan.com/pune/builder-project-in-mundhwa-13428834/1bhk-1t-500-sqft-independenthouse-for-rent,1 BHK Independent House,No Deposit,Unfurnished
287,1,6000,650,https://www.makaan.com/pune/builder-project-in-fursungi-13432836/1bhk-1t-650-sqft-builderfloor-for-rent,1 BHK Independent Floor,No Deposit,Unfurnished
288,2,14000,852,https://www.makaan.com/pune/gk-developers-silverland-residency-phase-iii-in-ravet-13400019/2bhk-2t-852-sqft-apartment-for-rent,2 BHK Apartment,No Deposit,Semi-Furnished
289,1,9500,570,https://www.makaan.com/pune/chintan-builders-kudale-patil-towers-in-vadgaon-budruk-13414378/1bhk-1t-570-sqft-apartment-for-rent,1 BHK Apartment,No Deposit,Unfurnished
290,2,9000,750,https://www.makaan.com/pune/lodha-group-estancia-in-gahunje-13414371/2bhk-2t-750-sqft-apartment-for-rent,2 BHK Apartment,No Deposit,Semi-Furnished
291,1,6000,480,https://www.makaan.com/pune/builder-project-in-fursungi-13414364/1rk-1t-480-sqft-builderfloor-for-rent,1 RK Studio Apartment,No Deposit,Semi-Furnished
292,1,10000,720,https://www.makaan.com/pune/builder-project-in-old-sangvi-13414358/1bhk-1t-720-sqft-apartment-for-rent,1 BHK Apartment,No Deposit,Semi-Furnished
293,2,17000,1100,https://www.makaan.com/pune/megapolis-splendour-smart-homes-3-in-hinjewadi-13402996/2bhk-2t-1100-sqft-apartment-for-rent,2 BHK Apartment,No Deposit,Unfurnished
294,3,22000,1605,https://www.makaan.com/pune/builder-project-in-patil-nager-13414372/3bhk-3t-1605-sqft-apartment-for-rent,3 BHK Apartment,No Deposit,Semi-Furnished
295,1,12000,919,https://www.makaan.com/pune/magnus-realty-manjri-green-annexe-b1-b2-b3-in-manjari-13383535/1bhk-2t-919-sqft-apartment-for-rent,1 BHK Apartment,No Deposit,Furnished
296,1,10000,640,https://www.makaan.com/pune/builder-project-in-wadgaon-sheri-13395189/1bhk-1t-640-sqft-apartment-for-rent,1 BHK Apartment,No Deposit,Unfurnished
297,3,19000,2000,https://www.makaan.com/pune/builder-project-in-wagholi-13388188/3bhk-3t-2000-sqft-apartment-for-rent,3 BHK Apartment,No Deposit,Unfurnished
298,2,15000,1500,https://www.makaan.com/pune/builder-project-in-hinjewadi-13390306/2bhk-1t-1500-sqft-independenthouse-for-rent,2 BHK Independent House,No Deposit,Unfurnished
299,2,20000,824,https://www.makaan.com/pune/builder-project-in-kothrud-13399728/2bhk-2t-824-sqft-apartment-for-rent,2 BHK Apartment,No Deposit,Semi-Furnished
300,1,6750,450,https://www.makaan.com/pune/builder-project-in-mundhwa-11795490/1bhk-1t-450-sqft-builderfloor-for-rent,1 BHK Independent Floor,No Deposit,Unfurnished
301,1,6000,580,https://www.makaan.com/pune/reputed-builder-green-wood-in-mundhwa-13424092/1bhk-1t-580-sqft-independenthouse-for-rent,1 BHK Independent House,No Deposit,Unfurnished
302,1,10000,600,https://www.makaan.com/pune/builder-project-in-pimple-gurav-13418787/1bhk-1t-600-sqft-independenthouse-for-rent,1 BHK Independent House,No Deposit,Unfurnished
303,2,19000,1102,https://www.makaan.com/pune/shiv-shakti-developers-haveli-heights-in-wakad-13416443/2bhk-2t-1102-sqft-apartment-for-rent,2 BHK Apartment,No Deposit,Unfurnished
304,1,5000,350,https://www.makaan.com/pune/builder-project-in-kondhwa-budruk-13415314/1rk-1t-350-sqft-apartment-for-rent,1 RK Studio Apartment,No Deposit,Unfurnished
305,1,5000,450,https://www.makaan.com/pune/builder-project-in-katraj-13415303/1bhk-1t-450-sqft-apartment-for-rent,1 BHK Apartment,No Deposit,Unfurnished
306,1,9000,500,https://www.makaan.com/pune/builder-project-in-mundhwa-13428834/1bhk-1t-500-sqft-independenthouse-for-rent,1 BHK Independent House,No Deposit,Unfurnished
307,1,6000,650,https://www.makaan.com/pune/builder-project-in-fursungi-13432836/1bhk-1t-650-sqft-builderfloor-for-rent,1 BHK Independent Floor,No Deposit,Unfurnished
308,2,14000,852,https://www.makaan.com/pune/gk-developers-silverland-residency-phase-iii-in-ravet-13400019/2bhk-2t-852-sqft-apartment-for-rent,2 BHK Apartment,No Deposit,Semi-Furnished
309,1,9500,570,https://www.makaan.com/pune/chintan-builders-kudale-patil-towers-in-vadgaon-budruk-13414378/1bhk-1t-570-sqft-apartment-for-rent,1 BHK Apartment,No Deposit,Unfurnished
310,2,9000,750,https://www.makaan.com/pune/lodha-group-estancia-in-gahunje-13414371/2bhk-2t-750-sqft-apartment-for-rent,2 BHK Apartment,No Deposit,Semi-Furnished
311,1,6000,480,https://www.makaan.com/pune/builder-project-in-fursungi-13414364/1rk-1t-480-sqft-builderfloor-for-rent,1 RK Studio Apartment,No Deposit,Semi-Furnished
312,1,10000,720,https://www.makaan.com/pune/builder-project-in-old-sangvi-13414358/1bhk-1t-720-sqft-apartment-for-rent,1 BHK Apartment,No Deposit,Semi-Furnished
313,2,17000,1100,https://www.makaan.com/pune/megapolis-splendour-smart-homes-3-in-hinjewadi-13402996/2bhk-2t-1100-sqft-apartment-for-rent,2 BHK Apartment,No Deposit,Unfurnished
314,3,22000,1605,https://www.makaan.com/pune/builder-project-in-patil-nager-13414372/3bhk-3t-1605-sqft-apartment-for-rent,3 BHK Apartment,No Deposit,Semi-Furnished
315,1,12000,919,https://www.makaan.com/pune/magnus-realty-manjri-green-annexe-b1-b2-b3-in-manjari-13383535/1bhk-2t-919-sqft-apartment-for-rent,1 BHK Apartment,No Deposit,Furnished
316,1,10000,640,https://www.makaan.com/pune/builder-project-in-wadgaon-sheri-13395189/1bhk-1t-640-sqft-apartment-for-rent,1 BHK Apartment,No Deposit,Unfurnished
317,3,19000,2000,https://www.makaan.com/pune/builder-project-in-wagholi-13388188/3bhk-3t-2000-sqft-apartment-for-rent,3 BHK Apartment,No Deposit,Unfurnished
318,2,15000,1500,https://www.makaan.com/pune/builder-project-in-hinjewadi-13390306/2bhk-1t-1500-sqft-independenthouse-for-rent,2 BHK Independent House,No Deposit,Unfurnished
319,2,20000,824,https://www.makaan.com/pune/builder-project-in-kothrud-13399728/2bhk-2t-824-sqft-apartment-for-rent,2 BHK Apartment,No Deposit,Semi-Furnished
320,1,6750,450,https://www.makaan.com/pune/builder-project-in-mundhwa-11795490/1bhk-1t-450-sqft-builderfloor-for-rent,1 BHK Independent Floor,No Deposit,Unfurnished
321,1,6000,580,https://www.makaan.com/pune/reputed-builder-green-wood-in-mundhwa-13424092/1bhk-1t-580-sqft-independenthouse-for-rent,1 BHK Independent House,No Deposit,Unfurnished
322,1,10000,600,https://www.makaan.com/pune/builder-project-in-pimple-gurav-13418787/1bhk-1t-600-sqft-independenthouse-for-rent,1 BHK Independent House,No Deposit,Unfurnished
323,2,19000,1102,https://www.makaan.com/pune/shiv-shakti-developers-haveli-heights-in-wakad-13416443/2bhk-2t-1102-sqft-apartment-for-rent,2 BHK Apartment,No Deposit,Unfurnished
324,1,5000,350,https://www.makaan.com/pune/builder-project-in-kondhwa-budruk-13415314/1rk-1t-350-sqft-apartment-for-rent,1 RK Studio Apartment,No Deposit,Unfurnished
325,1,5000,450,https://www.makaan.com/pune/builder-project-in-katraj-13415303/1bhk-1t-450-sqft-apartment-for-rent,1 BHK Apartment,No Deposit,Unfurnished
326,1,9000,500,https://www.makaan.com/pune/builder-project-in-mundhwa-13428834/1bhk-1t-500-sqft-independenthouse-for-rent,1 BHK Independent House,No Deposit,Unfurnished
327,1,6000,650,https://www.makaan.com/pune/builder-project-in-fursungi-13432836/1bhk-1t-650-sqft-builderfloor-for-rent,1 BHK Independent Floor,No Deposit,Unfurnished
328,2,14000,852,https://www.makaan.com/pune/gk-developers-silverland-residency-phase-iii-in-ravet-13400019/2bhk-2t-852-sqft-apartment-for-rent,2 BHK Apartment,No Deposit,Semi-Furnished
329,1,9500,570,https://www.makaan.com/pune/chintan-builders-kudale-patil-towers-in-vadgaon-budruk-13414378/1bhk-1t-570-sqft-apartment-for-rent,1 BHK Apartment,No Deposit,Unfurnished
330,2,9000,750,https://www.makaan.com/pune/lodha-group-estancia-in-gahunje-13414371/2bhk-2t-750-sqft-apartment-for-rent,2 BHK Apartment,No Deposit,Semi-Furnished
331,1,6000,480,https://www.makaan.com/pune/builder-project-in-fursungi-13414364/1rk-1t-480-sqft-builderfloor-for-rent,1 RK Studio Apartment,No Deposit,Semi-Furnished
332,1,10000,720,https://www.makaan.com/pune/builder-project-in-old-sangvi-13414358/1bhk-1t-720-sqft-apartment-for-rent,1 BHK Apartment,No Deposit,Semi-Furnished
333,2,17000,1100,https://www.makaan.com/pune/megapolis-splendour-smart-homes-3-in-hinjewadi-13402996/2bhk-2t-1100-sqft-apartment-for-rent,2 BHK Apartment,No Deposit,Unfurnished
334,3,22000,1605,https://www.makaan.com/pune/builder-project-in-patil-nager-13414372/3bhk-3t-1605-sqft-apartment-for-rent,3 BHK Apartment,No Deposit,Semi-Furnished
335,1,12000,919,https://www.makaan.com/pune/magnus-realty-manjri-green-annexe-b1-b2-b3-in-manjari-13383535/1bhk-2t-919-sqft-apartment-for-rent,1 BHK Apartment,No Deposit,Furnished
336,1,10000,640,https://www.makaan.com/pune/builder-project-in-wadgaon-sheri-13395189/1bhk-1t-640-sqft-apartment-for-rent,1 BHK Apartment,No Deposit,Unfurnished
337,3,19000,2000,https://www.makaan.com/pune/builder-project-in-wagholi-13388188/3bhk-3t-2000-sqft-apartment-for-rent,3 BHK Apartment,No Deposit,Unfurnished
338,2,15000,1500,https://www.makaan.com/pune/builder-project-in-hinjewadi-13390306/2bhk-1t-1500-sqft-independenthouse-for-rent,2 BHK Independent House,No Deposit,Unfurnished
339,2,20000,824,https://www.makaan.com/pune/builder-project-in-kothrud-13399728/2bhk-2t-824-sqft-apartment-for-rent,2 BHK Apartment,No Deposit,Semi-Furnished
340,1,6750,450,https://www.makaan.com/pune/builder-project-in-mundhwa-11795490/1bhk-1t-450-sqft-builderfloor-for-rent,1 BHK Independent Floor,No Deposit,Unfurnished
341,1,6000,580,https://www.makaan.com/pune/reputed-builder-green-wood-in-mundhwa-13424092/1bhk-1t-580-sqft-independenthouse-for-rent,1 BHK Independent House,No Deposit,Unfurnished
342,1,10000,600,https://www.makaan.com/pune/builder-project-in-pimple-gurav-13418787/1bhk-1t-600-sqft-independenthouse-for-rent,1 BHK Independent House,No Deposit,Unfurnished
343,2,19000,1102,https://www.makaan.com/pune/shiv-shakti-developers-haveli-heights-in-wakad-13416443/2bhk-2t-1102-sqft-apartment-for-rent,2 BHK Apartment,No Deposit,Unfurnished
344,1,5000,350,https://www.makaan.com/pune/builder-project-in-kondhwa-budruk-13415314/1rk-1t-350-sqft-apartment-for-rent,1 RK Studio Apartment,No Deposit,Unfurnished
345,1,5000,450,https://www.makaan.com/pune/builder-project-in-katraj-13415303/1bhk-1t-450-sqft-apartment-for-rent,1 BHK Apartment,No Deposit,Unfurnished
346,1,9000,500,https://www.makaan.com/pune/builder-project-in-mundhwa-13428834/1bhk-1t-500-sqft-independenthouse-for-rent,1 BHK Independent House,No Deposit,Unfurnished
347,1,6000,650,https://www.makaan.com/pune/builder-project-in-fursungi-13432836/1bhk-1t-650-sqft-builderfloor-for-rent,1 BHK Independent Floor,No Deposit,Unfurnished
348,2,14000,852,https://www.makaan.com/pune/gk-developers-silverland-residency-phase-iii-in-ravet-13400019/2bhk-2t-852-sqft-apartment-for-rent,2 BHK Apartment,No Deposit,Semi-Furnished
349,1,9500,570,https://www.makaan.com/pune/chintan-builders-kudale-patil-towers-in-vadgaon-budruk-13414378/1bhk-1t-570-sqft-apartment-for-rent,1 BHK Apartment,No Deposit,Unfurnished
350,2,9000,750,https://www.makaan.com/pune/lodha-group-estancia-in-gahunje-13414371/2bhk-2t-750-sqft-apartment-for-rent,2 BHK Apartment,No Deposit,Semi-Furnished
351,1,6000,480,https://www.makaan.com/pune/builder-project-in-fursungi-13414364/1rk-1t-480-sqft-builderfloor-for-rent,1 RK Studio Apartment,No Deposit,Semi-Furnished
352,1,10000,720,https://www.makaan.com/pune/builder-project-in-old-sangvi-13414358/1bhk-1t-720-sqft-apartment-for-rent,1 BHK Apartment,No Deposit,Semi-Furnished
353,2,17000,1100,https://www.makaan.com/pune/megapolis-splendour-smart-homes-3-in-hinjewadi-13402996/2bhk-2t-1100-sqft-apartment-for-rent,2 BHK Apartment,No Deposit,Unfurnished
354,3,22000,1605,https://www.makaan.com/pune/builder-project-in-patil-nager-13414372/3bhk-3t-1605-sqft-apartment-for-rent,3 BHK Apartment,No Deposit,Semi-Furnished
355,1,12000,919,https://www.makaan.com/pune/magnus-realty-manjri-green-annexe-b1-b2-b3-in-manjari-13383535/1bhk-2t-919-sqft-apartment-for-rent,1 BHK Apartment,No Deposit,Furnished
356,1,10000,640,https://www.makaan.com/pune/builder-project-in-wadgaon-sheri-13395189/1bhk-1t-640-sqft-apartment-for-rent,1 BHK Apartment,No Deposit,Unfurnished
357,3,19000,2000,https://www.makaan.com/pune/builder-project-in-wagholi-13388188/3bhk-3t-2000-sqft-apartment-for-rent,3 BHK Apartment,No Deposit,Unfurnished
358,2,15000,1500,https://www.makaan.com/pune/builder-project-in-hinjewadi-13390306/2bhk-1t-1500-sqft-independenthouse-for-rent,2 BHK Independent House,No Deposit,Unfurnished
359,2,20000,824,https://www.makaan.com/pune/builder-project-in-kothrud-13399728/2bhk-2t-824-sqft-apartment-for-rent,2 BHK Apartment,No Deposit,Semi-Furnished
360,1,6750,450,https://www.makaan.com/pune/builder-project-in-mundhwa-11795490/1bhk-1t-450-sqft-builderfloor-for-rent,1 BHK Independent Floor,No Deposit,Unfurnished
361,1,6000,580,https://www.makaan.com/pune/reputed-builder-green-wood-in-mundhwa-13424092/1bhk-1t-580-sqft-independenthouse-for-rent,1 BHK Independent House,No Deposit,Unfurnished
362,1,10000,600,https://www.makaan.com/pune/builder-project-in-pimple-gurav-13418787/1bhk-1t-600-sqft-independenthouse-for-rent,1 BHK Independent House,No Deposit,Unfurnished
363,2,19000,1102,https://www.makaan.com/pune/shiv-shakti-developers-haveli-heights-in-wakad-13416443/2bhk-2t-1102-sqft-apartment-for-rent,2 BHK Apartment,No Deposit,Unfurnished
364,1,5000,350,https://www.makaan.com/pune/builder-project-in-kondhwa-budruk-13415314/1rk-1t-350-sqft-apartment-for-rent,1 RK Studio Apartment,No Deposit,Unfurnished
365,1,5000,450,https://www.makaan.com/pune/builder-project-in-katraj-13415303/1bhk-1t-450-sqft-apartment-for-rent,1 BHK Apartment,No Deposit,Unfurnished
366,1,9000,500,https://www.makaan.com/pune/builder-project-in-mundhwa-13428834/1bhk-1t-500-sqft-independenthouse-for-rent,1 BHK Independent House,No Deposit,Unfurnished
367,1,6000,650,https://www.makaan.com/pune/builder-project-in-fursungi-13432836/1bhk-1t-650-sqft-builderfloor-for-rent,1 BHK Independent Floor,No Deposit,Unfurnished
368,2,14000,852,https://www.makaan.com/pune/gk-developers-silverland-residency-phase-iii-in-ravet-13400019/2bhk-2t-852-sqft-apartment-for-rent,2 BHK Apartment,No Deposit,Semi-Furnished
369,1,9500,570,https://www.makaan.com/pune/chintan-builders-kudale-patil-towers-in-vadgaon-budruk-13414378/1bhk-1t-570-sqft-apartment-for-rent,1 BHK Apartment,No Deposit,Unfurnished
370,2,9000,750,https://www.makaan.com/pune/lodha-group-estancia-in-gahunje-13414371/2bhk-2t-750-sqft-apartment-for-rent,2 BHK Apartment,No Deposit,Semi-Furnished
371,1,6000,480,https://www.makaan.com/pune/builder-project-in-fursungi-13414364/1rk-1t-480-sqft-builderfloor-for-rent,1 RK Studio Apartment,No Deposit,Semi-Furnished
372,1,10000,720,https://www.makaan.com/pune/builder-project-in-old-sangvi-13414358/1bhk-1t-720-sqft-apartment-for-rent,1 BHK Apartment,No Deposit,Semi-Furnished
373,2,17000,1100,https://www.makaan.com/pune/megapolis-splendour-smart-homes-3-in-hinjewadi-13402996/2bhk-2t-1100-sqft-apartment-for-rent,2 BHK Apartment,No Deposit,Unfurnished
374,3,22000,1605,https://www.makaan.com/pune/builder-project-in-patil-nager-13414372/3bhk-3t-1605-sqft-apartment-for-rent,3 BHK Apartment,No Deposit,Semi-Furnished
375,1,12000,919,https://www.makaan.com/pune/magnus-realty-manjri-green-annexe-b1-b2-b3-in-manjari-13383535/1bhk-2t-919-sqft-apartment-for-rent,1 BHK Apartment,No Deposit,Furnished
376,1,10000,640,https://www.makaan.com/pune/builder-project-in-wadgaon-sheri-13395189/1bhk-1t-640-sqft-apartment-for-rent,1 BHK Apartment,No Deposit,Unfurnished
377,3,19000,2000,https://www.makaan.com/pune/builder-project-in-wagholi-13388188/3bhk-3t-2000-sqft-apartment-for-rent,3 BHK Apartment,No Deposit,Unfurnished
378,2,15000,1500,https://www.makaan.com/pune/builder-project-in-hinjewadi-13390306/2bhk-1t-1500-sqft-independenthouse-for-rent,2 BHK Independent House,No Deposit,Unfurnished
379,2,20000,824,https://www.makaan.com/pune/builder-project-in-kothrud-13399728/2bhk-2t-824-sqft-apartment-for-rent,2 BHK Apartment,No Deposit,Semi-Furnished
380,1,6750,450,https://www.makaan.com/pune/builder-project-in-mundhwa-11795490/1bhk-1t-450-sqft-builderfloor-for-rent,1 BHK Independent Floor,,Unfurnished
381,1,6000,580,https://www.makaan.com/pune/reputed-builder-green-wood-in-mundhwa-13424092/1bhk-1t-580-sqft-independenthouse-for-rent,1 BHK Independent House,,Unfurnished
382,1,10000,600,https://www.makaan.com/pune/builder-project-in-pimple-gurav-13418787/1bhk-1t-600-sqft-independenthouse-for-rent,1 BHK Independent House,,Unfurnished
383,2,19000,1102,https://www.makaan.com/pune/shiv-shakti-developers-haveli-heights-in-wakad-13416443/2bhk-2t-1102-sqft-apartment-for-rent,2 BHK Apartment,,Unfurnished
384,1,5000,350,https://www.makaan.com/pune/builder-project-in-kondhwa-budruk-13415314/1rk-1t-350-sqft-apartment-for-rent,1 RK Studio Apartment,,Unfurnished
385,1,5000,450,https://www.makaan.com/pune/builder-project-in-katraj-13415303/1bhk-1t-450-sqft-apartment-for-rent,1 BHK Apartment,,Unfurnished
386,1,9000,500,https://www.makaan.com/pune/builder-project-in-mundhwa-13428834/1bhk-1t-500-sqft-independenthouse-for-rent,1 BHK Independent House,,Unfurnished
387,1,6000,650,https://www.makaan.com/pune/builder-project-in-fursungi-13432836/1bhk-1t-650-sqft-builderfloor-for-rent,1 BHK Independent Floor,,Unfurnished
388,2,14000,852,https://www.makaan.com/pune/gk-developers-silverland-residency-phase-iii-in-ravet-13400019/2bhk-2t-852-sqft-apartment-for-rent,2 BHK Apartment,,Semi-Furnished
389,1,9500,570,https://www.makaan.com/pune/chintan-builders-kudale-patil-towers-in-vadgaon-budruk-13414378/1bhk-1t-570-sqft-apartment-for-rent,1 BHK Apartment,,Unfurnished
390,2,9000,750,https://www.makaan.com/pune/lodha-group-estancia-in-gahunje-13414371/2bhk-2t-750-sqft-apartment-for-rent,2 BHK Apartment,,Semi-Furnished
391,1,6000,480,https://www.makaan.com/pune/builder-project-in-fursungi-13414364/1rk-1t-480-sqft-builderfloor-for-rent,1 RK Studio Apartment,,Semi-Furnished
392,1,10000,720,https://www.makaan.com/pune/builder-project-in-old-sangvi-13414358/1bhk-1t-720-sqft-apartment-for-rent,1 BHK Apartment,,Semi-Furnished
393,2,17000,1100,https://www.makaan.com/pune/megapolis-splendour-smart-homes-3-in-hinjewadi-13402996/2bhk-2t-1100-sqft-apartment-for-rent,2 BHK Apartment,,Unfurnished
394,3,22000,1605,https://www.makaan.com/pune/builder-project-in-patil-nager-13414372/3bhk-3t-1605-sqft-apartment-for-rent,3 BHK Apartment,,Semi-Furnished
395,1,12000,919,https://www.makaan.com/pune/magnus-realty-manjri-green-annexe-b1-b2-b3-in-manjari-13383535/1bhk-2t-919-sqft-apartment-for-rent,1 BHK Apartment,,Furnished
396,1,10000,640,https://www.makaan.com/pune/builder-project-in-wadgaon-sheri-13395189/1bhk-1t-640-sqft-apartment-for-rent,1 BHK Apartment,,Unfurnished
397,3,19000,2000,https://www.makaan.com/pune/builder-project-in-wagholi-13388188/3bhk-3t-2000-sqft-apartment-for-rent,3 BHK Apartment,,Unfurnished
398,2,15000,1500,https://www.makaan.com/pune/builder-project-in-hinjewadi-13390306/2bhk-1t-1500-sqft-independenthouse-for-rent,2 BHK Independent House,,Unfurnished
399,2,20000,824,https://www.makaan.com/pune/builder-project-in-kothrud-13399728/2bhk-2t-824-sqft-apartment-for-rent,2 BHK Apartment,,Semi-Furnished
